name,website,email,whatsapp,notes
TheOneWatches,"https://www.theonewatches.ws",service@vip.theonewatch.cc,+86 170 8193 4955,"Extremely reliable and professional"
JTime,"https://jtime.io",jtime.sales@gmail.com,+86 139 2886 9440,"Known for great customer service and quality control."
Puretime,"https://puretimewatch88.io",sales@puretimewatch88.io,,"One of the oldest and most established dealers."
Mirotime,"https://mirotime.pro/",mirotimestore@gmail.com,+86 17833984262,"Popular dealer with good customer service."
Geektime,"https://geektime.io",geektimewatch@outlook.com,+852 5574 2295,"Very responsive and fast shipping."
Andiot Watches,"https://andiotwatches.vip/",andiot@andiotwatches.com,"+86 151 2103 7121","Bro..."
,,,,
CTime,"https://ctime.io",ctime@ctime.io,"+852 6846 5319","Multiple WhatsApp numbers available."
ChazingTime,"http://chazingtime08.io",sales.chazingtime@gmail.com,,"Trusted dealer with good reputation."
DukeReps,"https://www.dukereps.com/",duke@cnbevogue.com,+852 6744 9430,"Established dealer."
HontWatch,"http://www.hontwatch.ru/",,"+86 13113307655","Known for responsive WhatsApp communication."
InTime Watches,"https://www.intime06.co",intimecs@gmail.com,,"Long-standing trusted dealer."
Perfect Clones,"https://www.pfc8388.com/",perfect8838@hotmail.com,,"Updated email address as of recent announcements."
Supermirrors,"http://supermirror2.com",,,
ToroBravo,"http://trb88.xyz/",,,
Trusty Time,"https://trustytime168.io/",trustytimewatch88@gmail.com,,"Long-standing dealer."
Wu Song,"https://a.wsxc.cn/HFbELNy",,"+852 5136 6345","Known for WhatsApp communication."
Yukiwatch,"https://www.yukiwatch.com/",sale@s-timeasia.com,,